sl._no.,commodity,category,variety,2013-14,2014-15,2015-16,2016-17,2017-18,2018-19,2019-20,2020-21,2021-22,2022-23,2023-24,2024-25,1997-98,1998-99,1999-00,2000-01,2001-02,2002-03,2003-04,2004-05,2005-06,2006-07,2007-08,2008-09,2009-10,2010-11,2011-12,2012-13,2025-26
1,paddy,kharif crops,common,5380174.565728399,5492261.535847741,5604348.505967082,5716435.476086424,5828522.446205766,5940609.416325107,6052696.386444449,6164783.356563791,6276870.326683132,6388957.296802474,6501044.266921815,6613131.237041158,3586783.043818933,3698870.0139382742,3810956.984057616,3923043.9541769577,4035130.9242963,4147217.894415641,4259304.864534983,4371391.834654325,4483478.804773666,4595565.774893007,4707652.745012349,4819739.715131691,4931826.685251033,5043913.655370374,5156000.625489716,5268087.595609058,6725218.207160499
2,paddy,kharif crops,grade a,769304.7455211504,785331.9277195077,801359.109917865,817386.2921162222,833413.4743145796,849440.6565129368,865467.8387112942,881495.0209096515,897522.2031080087,913549.385306366,929576.5675047232,945603.7497030807,512869.8303474336,528897.012545791,544924.1947441483,560951.3769425055,576978.5591408628,593005.7413392201,609032.9235375774,625060.1057359348,641087.287934292,657114.4701326492,673141.6523310066,689168.8345293639,705196.0167277212,721223.1989260785,737250.3811244357,753277.5633227931,961630.931901438
3,jowar,kharif crops,hybrid,4821224.283259816,4921666.455827729,5022108.628395641,5122550.800963554,5222992.973531468,5323435.14609938,5423877.3186672935,5524319.491235206,5624761.663803118,5725203.836371032,5825646.008938944,5926088.181506857,3214149.522173211,3314591.694741124,3415033.8673090367,3515476.039876949,3615918.212444862,3716360.385012775,3816802.557580688,3917244.730148601,4017686.902716513,4118129.0752844256,4218571.247852339,4319013.420420252,4419455.592988165,4519897.7655560775,4620339.93812399,4720782.110691903,6026530.35407477
4,jowar,kharif crops,maldandi,2611442.2432794706,2665847.29001446,2720252.3367494484,2774657.383484437,2829062.4302194263,2883467.4769544154,2937872.5236894046,2992277.5704243933,3046682.617159382,3101087.663894371,3155492.7106293603,3209897.757364349,1740961.4955196471,1795366.542254636,1849771.5889896248,1904176.635724614,1958581.6824596028,2012986.729194592,2067391.775929581,2121796.82266457,2176201.8693995588,2230606.9161345474,2285011.9628695366,2339417.0096045258,2393822.056339515,2448227.103074504,2502632.1498094923,2557037.196544481,3264302.804099338
5,bajra,kharif crops,ball,3632294.8103791536,3707967.61892872,3783640.4274782855,3859313.236027851,3934986.044577417,4010658.853126982,4086331.661676549,4162004.4702261137,4237677.278775679,4313350.087325245,4389022.89587481,4464695.704424377,2421529.873586103,2497202.6821356686,2572875.4906852343,2648548.2992348,2724221.1077843653,2799893.916333931,2875566.724883497,2951239.533433063,3026912.341982628,3102585.150532193,3178257.95908176,3253930.7676313254,3329603.576180891,3405276.384730457,3480949.193280022,3556622.0018295883,4540368.512973942
6,ragi,kharif crops,ball,2989130.5434556263,3051404.096444285,3113677.649432944,3175951.202421603,3238224.755410262,3300498.3083989206,3362771.86138758,3425045.4143762384,3487318.967364897,3549592.520353556,3611866.073342215,3674139.6263308735,1992753.6956370843,2055027.2486257432,2117300.8016144023,2179574.354603061,2241847.90759172,2304121.460580379,2366395.0135690374,2428668.566557697,2490942.119546355,2553215.672535014,2615489.225523673,2677762.778512332,2740036.331500991,2802309.884489649,2864583.437478308,2926856.990466968,3736413.1793195326
7,maize,kharif crops,ball,2544917.717703166,2597936.836821982,2650955.955940798,2703975.075059614,2756994.1941784304,2810013.313297246,2863032.4324160623,2916051.551534878,2969070.670653694,3022089.78977251,3075108.908891326,3128128.028010142,1696611.8118021109,1749630.9309209269,1802650.0500397428,1855669.1691585588,1908688.2882773748,1961707.4073961908,2014726.5265150068,2067745.6456338228,2120764.7647526385,2173783.8838714543,2226803.0029902705,2279822.1221090863,2332841.2412279025,2385860.360346718,2438879.479465534,2491898.59858435,3181147.147128958
8,tur (arhar),kharif crops,ball,5300898.140363469,5411333.518287708,5521768.896211946,5632204.274136186,5742639.652060425,5853075.029984663,5963510.407908903,6073945.785833142,6184381.16375738,6294816.541681619,6405251.919605858,6515687.297530098,3533932.093575646,3644367.471499885,3754802.849424124,3865238.227348363,3975673.605272602,4086108.983196841,4196544.36112108,4306979.739045319,4417415.1169695575,4527850.494893796,4638285.872818036,4748721.250742274,4859156.628666514,4969592.006590752,5080027.38451499,5190462.76243923,6626122.675454336
9,moong,kharif crops,ball,4842046.741856418,4942922.7156450935,5043798.689433768,5144674.663222443,5245550.637011119,5346426.610799794,5447302.58458847,5548178.558377145,5649054.53216582,5749930.505954496,5850806.479743171,5951682.453531846,3228031.161237612,3328907.1350262878,3429783.1088149627,3530659.0826036376,3631535.056392313,3732411.030180989,3833287.003969664,3934162.97775834,4035038.951547015,4135914.9253356894,4236790.899124365,4337666.87291304,4438542.846701716,4539418.820490391,4640294.794279066,4741170.768067743,6052558.427320521
10,urad,kharif crops,ball,3211392.741157743,3278296.75659853,3345200.772039316,3412104.787480102,3479008.8029208886,3545912.8183616744,3612816.833802461,3679720.849243248,3746624.864684033,3813528.88012482,3880432.895565606,3947336.911006393,2140928.494105162,2207832.509545949,2274736.524986735,2341640.540427521,2408544.555868308,2475448.571309094,2542352.58674988,2609256.6021906664,2676160.6176314526,2743064.633072239,2809968.6485130256,2876872.6639538114,2943776.679394598,3010680.6948353844,3077584.71027617,3144488.725716957,4014240.926447179
11,cotton,kharif crops,medium staple,783551.3375648779,799875.3237641463,816199.3099634146,832523.2961626828,848847.2823619512,865171.2685612194,881495.2547604878,897819.2409597561,914143.2271590242,930467.2133582926,946791.1995575608,963115.1857568292,522367.55837658537,538691.5445758536,555015.530775122,571339.5169743903,587663.5031736585,603987.4893729268,620311.4755721951,636635.4617714634,652959.4479707316,669283.4341699999,685607.4203692683,701931.4065685365,718255.3927678049,734579.378967073,750903.3651663413,767227.3513656097,979439.1719560976
12,cotton,kharif crops,long staple,535857.807160003,547021.5114758364,558185.2157916698,569348.9201075031,580512.6244233366,591676.32873917,602840.0330550034,614003.7373708368,625167.4416866701,636331.1460025036,647494.8503183369,658658.5546341704,357238.5381066687,368402.2424225021,379565.9467383355,390729.6510541688,401893.3553700022,413057.0596858356,424220.7640016691,435384.46831750247,446548.1726333358,457711.8769491692,468875.5812650026,480039.285580836,491202.9898966694,502366.6942125028,513530.39852833614,524694.1028441696,669822.2589500037
13,groundnut,kharif crops,ball,4243350.496099784,4331753.631435197,4420156.766770609,4508559.902106021,4596963.0374414325,4685366.172776844,4773769.308112257,4862172.443447669,4950575.578783081,5038978.714118494,5127381.849453906,5215784.984789318,2828900.3307331894,2917303.4660686017,3005706.601404014,3094109.736739426,3182512.8720748383,3270916.00741025,3359319.1427456625,3447722.278081075,3536125.4134164867,3624528.5487518986,3712931.684087312,3801334.8194227233,3889737.954758136,3978141.090093548,4066544.22542896,4154947.360764372,5304188.12012473
14,sunflower seed,kharif crops,ball,3948695.3286580574,4030959.814671768,4113224.300685477,4195488.786699186,4277753.272712896,4360017.758726605,4442282.244740315,4524546.730754024,4606811.216767734,4689075.702781444,4771340.188795153,4853604.674808863,2632463.552438705,2714728.038452415,2796992.5244661244,2879257.010479833,2961521.496493543,3043785.982507253,3126050.468520962,3208314.954534672,3290579.4405483813,3372843.9265620904,3455108.4125758004,3537372.898589509,3619637.38460322,3701901.870616929,3784166.3566306382,3866430.842644348,4935869.160822572
15,soyabean,kharif crops,black,1877029.1797886875,1916133.9543676183,1955238.7289465491,1994343.50352548,2033448.2781044112,2072553.052683342,2111657.827262273,2150762.6018412043,2189867.376420135,2228972.1509990664,2268076.925577997,2307181.700156928,1251352.7865257915,1290457.5611047226,1329562.3356836536,1368667.1102625844,1407771.8848415154,1446876.6594204465,1485981.4339993775,1525086.2085783086,1564190.9831572394,1603295.7577361702,1642400.5323151017,1681505.3068940323,1720610.0814729636,1759714.8560518944,1798819.6306308252,1837924.4052097565,2346286.474735859
16,soyabean,kharif crops,yellow,3481753.881205234,3554290.42039701,3626826.9595887857,3699363.498780561,3771900.037972337,3844436.5771641126,3916973.116355889,3989509.655547664,4062046.19473944,4134582.733931216,4207119.273122991,4279655.812314767,2321169.2541368227,2393705.7933285986,2466242.3325203746,2538778.87171215,2611315.410903925,2683851.950095701,2756388.489287477,2828925.028479253,2901461.5676710284,2973998.106862804,3046534.64605458,3119071.185246356,3191607.724438132,3264144.263629907,3336680.8028216823,3409217.3420134587,4352192.351506542
17,sesamum,kharif crops,ball,693980.7367509126,708438.6687665568,722896.6007822007,737354.5327978446,751812.4648134888,766270.3968291327,780728.3288447768,795186.2608604208,809644.1928760647,824102.1248917088,838560.0569073528,853017.9889229969,462653.8245006085,477111.75651625247,491569.6885318965,506027.6205475405,520485.5525631845,534943.4845788286,549401.4165944726,563859.3486101166,578317.2806257606,592775.2126414045,607233.1446570486,621691.0766726926,636149.0086883367,650606.9407039806,665064.8727196245,679522.8047352687,867475.9209386408
18,nigerseed,kharif crops,ball,2558774.5715442966,2612082.3751181364,2665390.178691976,2718697.982265815,2772005.785839655,2825313.5894134943,2878621.392987334,2931929.196561173,2985237.000135013,3038544.8037088527,3091852.607282692,3145160.410856532,1705849.7143628646,1759157.5179367042,1812465.321510544,1865773.1250843832,1919080.9286582228,1972388.732232062,2025696.5358059015,2079004.339379741,2132312.1429535807,2185619.94652742,2238927.75010126,2292235.5536750997,2345543.357248939,2398851.1608227785,2452158.964396618,2505466.767970457,3198468.2144303718
19,wheat,rabi crops,ball,2017122.3394518164,2059145.7215237292,2101169.103595642,2143192.4856675547,2185215.867739468,2227239.2498113806,2269262.6318832934,2311286.013955206,2353309.396027119,2395332.778099032,2437356.160170945,2479379.5422428576,1344748.226301211,1386771.608373124,1428794.990445037,1470818.3725169494,1512841.7545888624,1554865.1366607752,1596888.5187326882,1638911.900804601,1680935.2828765137,1722958.6649484264,1764982.0470203394,1807005.429092252,1849028.811164165,1891052.193236078,1933075.575307991,1975098.957379904,2521402.9243147704
20,barley,rabi crops,ball,2835888.526178783,2894969.537140841,2954050.5481028985,3013131.5590649564,3072212.5700270147,3131293.580989073,3190374.591951131,3249455.6029131887,3308536.6138752466,3367617.6248373045,3426698.6357993623,3485779.6467614206,1890592.3507858552,1949673.3617479133,2008754.3727099716,2067835.3836720288,2126916.394634087,2185997.405596145,2245078.4165582038,2304159.427520261,2363240.438482319,2422321.449444377,2481402.460406435,2540483.471368493,2599564.482330551,2658645.4932926088,2717726.5042546666,2776807.515216725,3544860.6577234785
21,gram,rabi crops,ball,1160557.3824781715,1184735.6612798003,1208913.940081429,1233092.2188830574,1257270.497684686,1281448.7764863146,1305627.0552879432,1329805.3340895718,1353983.6128912002,1378161.8916928289,1402340.1704944577,1426518.449296086,773704.9216521145,797883.2004537431,822061.4792553717,846239.7580570002,870418.0368586289,894596.3156602574,918774.594461886,942952.8732635146,967131.1520651432,991309.4308667716,1015487.7096684003,1039665.9884700289,1063844.2672716577,1088022.546073286,1112200.8248749145,1136379.103676543,1450696.7280977147
22,masur (lentil),rabi crops,ball,2050748.5493093864,2093472.4774199985,2136196.4055306106,2178920.3336412227,2221644.2617518352,2264368.189862448,2307092.11797306,2349816.0460836715,2392539.974194284,2435263.902304896,2477987.830415508,2520711.758526121,1367165.6995395909,1409889.6276502032,1452613.5557608155,1495337.4838714274,1538061.4119820397,1580785.340092652,1623509.268203264,1666233.1963138764,1708957.1244244883,1751681.0525351006,1794404.980645713,1837128.908756325,1879852.8368669376,1922576.7649775497,1965300.6930881613,2008024.621198774,2563435.686636733
23,rapeseed and mustard,rabi crops,ball,2326555.6531657684,2375025.562606722,2423495.4720476754,2471965.3814886287,2520435.2909295824,2568905.200370536,2617375.109811489,2665845.0192524428,2714314.928693396,2762784.83813435,2811254.747575303,2859724.657016257,1551037.1021105123,1599507.0115514658,1647976.9209924194,1696446.8304333726,1744916.7398743262,1793386.64931528,1841856.5587562332,1890326.468197187,1938796.37763814,1987266.2870790933,2035736.1965200475,2084206.1059610003,2132676.0154019543,2181145.924842908,2229615.834283861,2278085.743724815,2908194.56645721
24,safflower,rabi crops,ball,4171514.538344709,4258421.091226891,4345327.644109072,4432234.196991254,4519140.749873435,4606047.302755617,4692953.855637798,4779860.40851998,4866766.961402161,4953673.514284343,5040580.067166524,5127486.6200487055,2781009.6922298064,2867916.245111988,2954822.7979941694,3041729.3508763504,3128635.903758532,3215542.456640714,3302449.009522896,3389355.562405077,3476262.115287258,3563168.668169439,3650075.221051621,3736981.773933802,3823888.326815984,3910794.879698165,3997701.432580346,4084607.985462528,5214393.172930887
25,copra (calender year),other crops,milling,1818931.452962743,1856825.8582328,1894720.2635028567,1932614.6687729144,1970509.0740429717,2008403.4793130285,2046297.8845830855,2084192.2898531428,2122086.6951232,2159981.100393257,2197875.5056633144,2235769.910933372,1212620.9686418285,1250515.3739118858,1288409.779181943,1326304.184452,1364198.589722057,1402092.9949921144,1439987.4002621714,1477881.805532229,1515776.2108022857,1553670.6160723427,1591565.0213424,1629459.426612457,1667353.8318825143,1705248.237152571,1743142.6424226284,1781037.047692686,2273664.3162034284
26,copra (calender year),other crops,ball,5567552.554305135,5683543.232519826,5799533.910734516,5915524.588949206,6031515.267163897,6147505.945378587,6263496.623593278,6379487.301807968,6495477.980022658,6611468.658237348,6727459.336452038,6843450.01466673,3711701.7028700905,3827692.381084781,3943683.0592994713,4059673.7375141615,4175664.415728852,4291655.093943542,4407645.7721582325,4523636.450372923,4639627.128587613,4755617.806802303,4871608.485016994,4987599.163231684,5103589.841446375,5219580.519661064,5335571.197875754,5451561.876090446,6959440.692881419
27,de-husked coconut (calender year),other crops,ball,4205717.671576907,4293336.789734759,4380955.907892612,4468575.026050463,4556194.144208316,4643813.262366168,4731432.380524021,4819051.498681873,4906670.616839725,4994289.734997577,5081908.8531554295,5169527.971313282,2803811.781051272,2891430.899209124,2979050.017366976,3066669.135524828,3154288.2536826804,3241907.371840533,3329526.489998385,3417145.6081562373,3504764.7263140893,3592383.844471941,3680002.9626297937,3767622.0807876457,3855241.1989454986,3942860.317103351,4030479.4352612025,4118098.553419055,5257147.089471133
28,jute,other crops,ball,3226332.5158506776,3293547.776597567,3360763.037344456,3427978.298091345,3495193.5588382343,3562408.819585123,3629624.080332013,3696839.3410789017,3764054.6018257914,3831269.86257268,3898485.1233195686,3965700.3840664574,2150888.343900452,2218103.604647341,2285318.8653942305,2352534.1261411197,2419749.386888009,2486964.6476348974,2554179.9083817867,2621395.169128676,2688610.4298755648,2755825.6906224536,2823040.951369344,2890256.212116232,2957471.4728631214,3024686.7336100102,3091901.994356899,3159117.255103789,4032915.644813347
29,sugarcane,other crops,ball,2307314.0138536314,2355383.055808916,2403452.0977642,2451521.1397194834,2499590.1816747678,2547659.223630051,2595728.2655853354,2643797.3075406197,2691866.349495903,2739935.3914511874,2788004.4334064717,2836073.475361756,1538209.3425690876,1586278.3845243717,1634347.4264796558,1682416.4684349396,1730485.5103902237,1778554.5523455075,1826623.594300792,1874692.636256076,1922761.6782113595,1970830.7201666436,2018899.762121928,2066968.8040772115,2115037.846032496,2163106.8879877795,2211175.9299430638,2259244.971898348,2884142.5173170394
30,Apple,Fruits,General,3826128.793894929,3905839.810434408,3985550.826973885,4065261.843513362,4144972.86005284,4224683.876592318,4304394.893131796,4384105.909671273,4463816.926210751,4543527.942750229,4623238.959289706,4702949.975829184,2550752.5292632864,2630463.545802764,2710174.562342242,2789885.578881719,2869596.5954211974,2949307.611960675,3029018.628500153,3108729.6450396306,3188440.661579108,3268151.678118585,3347862.694658064,3427573.7111975406,3507284.727737019,3586995.7442764966,3666706.760815974,3746417.777355452,4782660.992368662
31,Arcanut (Processed),Others,General,3660891.879987774,3737160.460820853,3813429.041653932,3889697.62248701,3965966.203320089,4042234.784153167,4118503.3649862474,4194771.945819325,4271040.526652403,4347309.1074854825,4423577.688318561,4499846.269151639,2440594.5866585164,2516863.167491595,2593131.7483246736,2669400.329157752,2745668.909990831,2821937.4908239096,2898206.071656988,2974474.652490067,3050743.233323145,3127011.814156224,3203280.3949893024,3279548.9758223807,3355817.55665546,3432086.1374885384,3508354.7183216168,3584623.299154696,4576114.849984718
32,Arecanut,Others,General,4664990.128429543,4762177.422771826,4859364.717114108,4956552.01145639,5053739.305798672,5150926.600140954,5248113.894483237,5345301.188825519,5442488.4831678,5539675.777510083,5636863.071852365,5734050.366194648,3109993.418953029,3207180.713295312,3304368.007637594,3401555.301979876,3498742.596322158,3595929.89066444,3693117.1850067214,3790304.4793490046,3887491.7736912863,3984679.068033568,4081866.362375851,4179053.656718133,4276240.951060415,4373428.2454026975,4470615.539744979,4567802.834087262,5831237.66053693
33,Arhar/Tur,Others,General,5072294.406843346,5177967.206985916,5283640.007128485,5389312.807271054,5494985.607413624,5600658.407556194,5706331.207698764,5812004.007841334,5917676.807983903,6023349.608126473,6129022.408269042,6234695.208411613,3381529.6045622304,3487202.4047048003,3592875.2048473703,3698548.00498994,3804220.805132509,3909893.605275079,4015566.405417649,4121239.2055602185,4226912.005702788,4332584.8058453575,4438257.605987928,4543930.406130497,4649603.206273067,4755276.006415636,4860948.806558206,4966621.606700776,6340368.008554182
34,Ash Gourd,Others,General,5036279.26298019,5141201.747625612,5246124.232271032,5351046.716916452,5455969.201561874,5560891.6862072935,5665814.170852715,5770736.655498135,5875659.140143556,5980581.624788976,6085504.109434397,6190426.594079818,3357519.5086534605,3462441.993298881,3567364.477944302,3672286.962589722,3777209.4472351433,3882131.931880564,3987054.4165259846,4091976.901171405,4196899.385816826,4301821.870462246,4406744.355107667,4511666.839753088,4616589.324398508,4721511.809043929,4826434.293689349,4931356.77833477,6295349.078725238
35,Atcanut (Raw),Others,General,4200721.115521322,4288236.138761351,4375751.162001378,4463266.185241405,4550781.208481433,4638296.23172146,4725811.254961488,4813326.278201516,4900841.301441543,4988356.324681571,5075871.347921598,5163386.371161626,2800480.743680882,2887995.7669209093,2975510.790160937,3063025.8134009643,3150540.836640992,3238055.85988102,3325570.883121047,3413085.906361075,3500600.929601102,3588115.952841129,3675630.9760811576,3763145.9993211846,3850661.022561213,3938176.04580124,4025691.069041267,4113206.092281295,5250901.394401653
36,Bajra,Cereals,General,4935217.286758496,5038034.313565964,5140851.340373432,5243668.367180901,5346485.39398837,5449302.420795838,5552119.447603308,5654936.474410776,5757753.501218244,5860570.528025714,5963387.554833181,6066204.5816406505,3290144.857838997,3392961.884646466,3495778.9114539344,3598595.938261403,3701412.965068872,3804229.991876341,3907047.018683809,4009864.0454912777,4112681.072298746,4215498.099106214,4318315.125913683,4421132.152721152,4523949.179528621,4626766.206336089,4729583.233143558,4832400.259951027,6169021.608448119
37,Banana,Fruits,General,5936737.58705126,6060419.620114828,6184101.653178396,6307783.686241964,6431465.719305532,6555147.752369099,6678829.785432668,6802511.818496236,6926193.851559803,7049875.884623372,7173557.917686939,7297239.950750507,3957825.0580341737,4081507.091097742,4205189.12416131,4328871.157224877,4452553.190288445,4576235.223352013,4699917.256415581,4823599.2894791495,4947281.322542717,5070963.355606284,5194645.388669853,5318327.42173342,5442009.4547969885,5565691.487860557,5689373.520924124,5813055.553987692,7420921.983814076
38,Barley,Others,General,2681048.2533647805,2736903.42530988,2792758.5972549794,2848613.769200079,2904468.941145179,2960324.113090278,3016179.2850353783,3072034.4569804776,3127889.628925577,3183744.800870677,3239599.972815776,3295455.144760876,1787365.502243187,1843220.6741882863,1899075.8461333865,1954931.0180784855,2010786.1900235848,2066641.361968685,2122496.5339137847,2178351.7058588844,2234206.877803984,2290062.049749083,2345917.221694183,2401772.3936392823,2457627.565584382,2513482.7375294818,2569337.909474581,2625193.0814196807,3351310.316705976
39,Bean,Pulses,General,2759610.311620407,2817102.1931124986,2874594.0746045904,2932085.956096682,2989577.837588774,3047069.719080866,3104561.6005729577,3162053.482065049,3219545.3635571413,3277037.245049233,3334529.126541325,3392021.0080334167,1839740.2077469376,1897232.08923903,1954723.9707311215,2012215.8522232133,2069707.733715305,2127199.615207397,2184691.4966994887,2242183.3781915805,2299675.2596836723,2357167.141175764,2414659.022667856,2472150.904159948,2529642.78565204,2587134.6671441314,2644626.548636223,2702118.430128315,3449512.8895255085
40,Beans & Mutter (Vegetable),Pulses,General,3543568.7950365,3617393.1449330943,3691217.494829688,3765041.844726281,3838866.194622875,3912690.5445194687,3986514.894416063,4060339.2443126566,4134163.59420925,4207987.944105844,4281812.294002438,4355636.643899032,2362379.1966910004,2436203.546587594,2510027.896484188,2583852.2463807813,2657676.5962773752,2731500.946173969,2805325.2960705627,2879149.6459671566,2952973.99586375,3026798.345760344,3100622.695656937,3174447.045553531,3248271.395450125,3322095.745346719,3395920.0952433124,3469744.4451399064,4429460.993795625
41,Beet Root,Others,General,2263846.3064483483,2311009.7711660224,2358173.235883696,2405336.70060137,2452500.165319044,2499663.6300367177,2546827.094754392,2593990.559472066,2641154.0241897395,2688317.4889074136,2735480.953625088,2782644.4183427617,1509230.8709655656,1556394.3356832396,1603557.8004009137,1650721.2651185873,1697884.7298362614,1745048.1945539352,1792211.6592716093,1839375.123989283,1886538.588706957,1933702.0534246308,1980865.5181423048,2028028.9828599787,2075192.4475776528,2122355.9122953266,2169519.377013,2216682.8417306743,2829807.8830604358
42,Ber,Others,General,1086187.4964881374,1108816.4026649736,1131445.3088418096,1154074.215018646,1176703.121195482,1199332.0273723183,1221960.9335491543,1244589.8397259908,1267218.7459028268,1289847.6520796632,1312476.5582564992,1335105.4644333357,724124.9976587583,746753.9038355945,769382.8100124307,792011.7161892669,814640.622366103,837269.5285429392,859898.4347197755,882527.3408966117,905156.2470734478,927785.153250284,950414.0594271204,973042.9656039564,995671.8717807926,1018300.7779576288,1040929.684134465,1063558.5903113012,1357734.3706101717
43,Bhindi,Others,General,1285869.7366991802,1312658.68954708,1339447.6423949795,1366236.595242879,1393025.5480907788,1419814.5009386782,1446603.453786578,1473392.4066344774,1500181.3594823768,1526970.3123302767,1553759.265178176,1580548.218026076,857246.491132787,884035.4439806865,910824.396828586,937613.3496764856,964402.3025243852,991191.2553722848,1017980.2082201844,1044769.161068084,1071558.1139159836,1098347.066763883,1125136.0196117829,1151924.9724596825,1178713.925307582,1205502.8781554815,1232291.831003381,1259080.7838512808,1607337.1708739754
44,Bitter Gourd,Others,General,5062458.397853404,5167926.281142017,5273394.164430629,5378862.047719242,5484329.931007855,5589797.814296467,5695265.69758508,5800733.580873692,5906201.464162305,6011669.347450918,6117137.23073953,6222605.114028143,3374972.265235603,3480440.148524216,3585908.0318128285,3691375.9151014406,3796843.798390053,3902311.681678666,4007779.564967279,4113247.448255891,4218715.331544504,4324183.214833116,4429651.098121729,4535118.981410341,4640586.864698954,4746054.747987567,4851522.631276179,4956990.514564792,6328072.997316755
45,Black Pepper,Others,General,3999980.199066802,4083313.119880694,4166646.0406945855,4249978.961508477,4333311.882322369,4416644.80313626,4499977.723950152,4583310.644764044,4666643.565577935,4749976.486391827,4833309.40720572,4916642.328019612,2666653.466044535,2749986.3868584265,2833319.3076723185,2916652.22848621,2999985.1493001017,3083318.070113993,3166650.9909278853,3249983.911741777,3333316.8325556684,3416649.75336956,3499982.674183452,3583315.594997344,3666648.515811236,3749981.436625127,3833314.3574390174,3916647.2782529104,4999975.248833503
46,Blackgram,Pulses,General,5665911.876904293,5783951.707673132,5901991.538441972,6020031.36921081,6138071.199979651,6256111.030748489,6374150.86151733,6492190.692286169,6610230.523055008,6728270.353823848,6846310.184592687,6964350.015361527,3777274.584602862,3895314.4153717016,4013354.246140541,4131394.07690938,4249433.90767822,4367473.738447059,4485513.569215898,4603553.399984738,4721593.230753577,4839633.061522417,4957672.892291256,5075712.723060096,5193752.553828935,5311792.384597775,5429832.215366613,5547872.0461354535,7082389.8461303655
47,Bottle Gourd,Others,General,821122.5484943301,838229.2682546288,855335.9880149273,872442.7077752257,889549.4275355244,906656.1472958229,923762.8670561216,940869.58681642,957976.3065767183,975083.0263370172,992189.7460973156,1009296.4658576144,547415.0323295535,564521.752089852,581628.4718501506,598735.1916104491,615841.9113707476,632948.6311310462,650055.3508913448,667162.0706516433,684268.7904119418,701375.5101722403,718482.2299325389,735588.9496928374,752695.669453136,769802.3892134345,786909.108973733,804015.8287340316,1026403.1856179128
48,Brinjal,Vegetables,General,2645835.982168554,2700957.565130399,2756079.148092244,2811200.731054089,2866322.314015934,2921443.896977778,2976565.4799396237,3031687.062901468,3086808.6458633128,3141930.228825158,3197051.8117870027,3252173.394748848,1763890.654779036,1819012.237740881,1874133.820702726,1929255.4036645703,1984376.9866264155,2039498.5695882605,2094620.1525501052,2149741.73551195,2204863.318473795,2259984.90143564,2315106.484397485,2370228.0673593297,2425349.650321175,2480471.233283019,2535592.816244864,2590714.399206709,3307294.977710692
49,Cabbage,Vegetables,General,1766460.7400022706,1803262.0054189847,1840063.2708356983,1876864.5362524125,1913665.8016691264,1950467.0670858405,1987268.3325025544,2024069.5979192683,2060870.8633359824,2097672.1287526963,2134473.39416941,2171274.6595861246,1177640.4933348473,1214441.7587515612,1251243.0241682753,1288044.289584989,1324845.555001703,1361646.820418417,1398448.0858351311,1435249.351251845,1472050.616668559,1508851.8820852728,1545653.147501987,1582454.4129187008,1619255.678335415,1656056.9437521289,1692858.2091688423,1729659.474585557,2208075.9250028385
50,Cardamom,Others,General,550579.4325097137,562049.8373536661,573520.2421976185,584990.6470415707,596461.0518855231,607931.4567294755,619401.8615734279,630872.2664173803,642342.6712613326,653813.076105285,665283.4809492374,676753.8857931898,367052.9550064758,378523.3598504282,389993.7646943806,401464.1695383329,412934.5743822853,424404.9792262376,435875.38407019,447345.7889141424,458816.19375809474,470286.5986020471,481757.0034459995,493227.4082899519,504697.8131339042,516168.2179778566,527638.6228218089,539109.0276657613,688224.2906371421
51,Carrot,Others,General,1770450.9842891044,1807335.3797951275,1844219.7753011505,1881104.1708071732,1917988.566313197,1954872.9618192196,1991757.3573252424,2028641.7528312656,2065526.1483372883,2102410.543843312,2139294.9393493347,2176179.3348553577,1180300.6561927365,1217185.0516987594,1254069.4472047824,1290953.8427108054,1327838.2382168283,1364722.6337228515,1401607.0292288745,1438491.4247348974,1475375.8202409204,1512260.2157469434,1549144.6112529666,1586029.0067589893,1622913.4022650125,1659797.7977710357,1696682.1932770584,1733566.5887830816,2213063.7303613806
52,Cashewnut,Others,General,3670707.6109494655,3747180.68617758,3823653.761405693,3900126.836633807,3976599.911861921,4053072.987090035,4129546.062318149,4206019.137546263,4282492.212774376,4358965.288002491,4435438.363230604,4511911.438458718,2447138.407299644,2523611.482527758,2600084.557755872,2676557.6329839854,2753030.7082120995,2829503.783440213,2905976.858668328,2982449.933896441,3058923.0091245547,3135396.0843526684,3211869.1595807825,3288342.234808896,3364815.3100370103,3441288.385265124,3517761.4604932377,3594234.535721352,4588384.513686832
53,Cashewnut Raw,Others,General,1133119.2372383478,1156725.8880141468,1180332.5387899457,1203939.1895657445,1227545.8403415433,1251152.491117342,1274759.1418931412,1298365.79266894,1321972.4434447389,1345579.094220538,1369185.7449963368,1392792.3957721358,755412.8248255652,779019.4756013642,802626.1263771631,826232.7771529618,849839.4279287608,873446.0787045597,897052.7294803587,920659.3802561576,944266.0310319564,967872.6818077551,991479.3325835544,1015085.9833593532,1038692.6341351522,1062299.284910951,1085905.93568675,1109512.586462549,1416399.0465479346
54,Cashewnut Processed,Others,General,1605575.3318759222,1639024.817956671,1672474.304037419,1705923.7901181672,1739373.2761989157,1772822.762279664,1806272.248360413,1839721.7344411607,1873171.220521909,1906620.7066026577,1940070.192683406,1973519.6787641544,1070383.554583948,1103833.0406646966,1137282.526745445,1170732.0128261931,1204181.4989069416,1237630.98498769,1271080.4710684384,1304529.9571491869,1337979.4432299351,1371428.9293106834,1404878.415391432,1438327.9014721802,1471777.3875529289,1505226.8736336771,1538676.3597144252,1572125.845795174,2006969.1648449027
55,Cauliflower,Others,General,1793873.2743908723,1831245.634274016,1868617.9941571588,1905990.3540403016,1943362.7139234447,1980735.0738065883,2018107.433689732,2055479.7935728747,2092852.1534560176,2130224.513339161,2167596.873222304,2204969.233105448,1195915.5162605818,1233287.876143725,1270660.2360268682,1308032.595910011,1345404.9557931544,1382777.3156762975,1420149.6755594409,1457522.035442584,1494894.395325727,1532266.7552088702,1569639.1150920135,1607011.4749751566,1644383.8348583,1681756.194741443,1719128.554624586,1756500.9145077297,2242341.5929885907
56,Chickpea,Others,General,2224328.474805993,2270668.651364452,2317008.82792291,2363349.004481368,2409689.1810398265,2456029.3575982847,2502369.534156743,2548709.7107152008,2595049.887273659,2641390.063832117,2687730.2403905755,2734070.4169490337,1482885.6498706625,1529225.8264291207,1575566.002987579,1621906.179546037,1668246.3561044952,1714586.5326629537,1760926.7092214115,1807266.88577987,1853607.062338328,1899947.238896786,1946287.4154552445,1992627.5920137025,2038967.768572161,2085307.945130619,2131648.121689077,2177988.2982475352,2780410.593507492
57,Chillies,Others,General,529264.666732875,540291.0139564767,551317.3611800782,562343.7084036798,573370.0556272814,584396.4028508828,595422.7500744845,606449.097298086,617475.4445216876,628501.7917452892,639528.1389688908,650554.4861924923,352843.1111552501,363869.4583788517,374895.8056024533,385922.1528260548,396948.5000496563,407974.8472732579,419001.1944968595,430027.541720461,441053.8889440626,452080.2361676641,463106.5833912657,474132.9306148673,485159.2778384689,496185.6250620704,507211.9722856719,518238.3195092736,661580.8334160938
58,Citrus Fruit,Fruits,General,1790949.8519698705,1828261.3072192431,1865572.7624686155,1902884.2177179875,1940195.67296736,1977507.128216732,2014818.5834661047,2052130.0387154769,2089441.493964849,2126752.949214221,2164064.404463594,2201375.8597129663,1193966.567979914,1231278.023229286,1268589.4784786585,1305900.9337280306,1343212.388977403,1380523.8442267757,1417835.2994761476,1455146.75472552,1492458.2099748922,1529769.6652242644,1567081.1204736368,1604392.575723009,1641704.0309723816,1679015.4862217538,1716326.941471126,1753638.3967204983,2238687.314962338
59,Coconut,Others,General,4013561.899024148,4097177.771920485,4180793.644816821,4264409.5177131565,4348025.3906094935,4431641.2635058295,4515257.136402166,4598873.009298503,4682488.882194839,4766104.755091175,4849720.627987511,4933336.500883848,2675707.9326827656,2759323.805579102,2842939.6784754386,2926555.551371774,3010171.424268111,3093787.297164448,3177403.170060784,3261019.0429571206,3344634.9158534566,3428250.7887497926,3511866.6616461296,3595482.5345424656,3679098.4074388025,3762714.2803351386,3846330.1532314746,3929946.026127812,5016952.373780185
60,Coffee,Others,General,3547556.0911004674,3621463.509665061,3695370.928229653,3769278.346794246,3843185.76535884,3917093.1839234326,3991000.602488026,4064908.021052619,4138815.439617212,4212722.858181805,4286630.276746398,4360537.695310991,2365037.3940669782,2438944.812631572,2512852.2311961646,2586759.6497607576,2660667.0683253505,2734574.486889944,2808481.905454537,2882389.32401913,2956296.742583723,3030204.161148316,3104111.579712909,3178018.9982775017,3251926.416842096,3325833.835406688,3399741.253971281,3473648.6725358744,4434445.113875585
61,Coriander,Others,General,158643.6144788205,161948.68978046262,165253.76508210468,168558.84038374678,171863.9156853889,175168.99098703096,178474.0662886731,181779.14159031515,185084.21689195724,188389.29219359937,191694.36749524143,194999.44279688355,105762.409652547,109067.4849541891,112372.5602558312,115677.63555747327,118982.71085911538,122287.78616075747,125592.86146239958,128897.93676404167,132203.01206568375,135508.08736732585,138813.16266896794,142118.23797061003,145423.31327225216,148728.38857389422,152033.4638755363,155338.5391771784,198304.51809852564
62,Cotton (Lint),Fibres,General,35000000.0,35142857.14285714,35285714.28571428,35428571.428571425,35571428.571428575,35714285.71428572,35857142.85714286,36000000.0,36000000.0,36000000.0,36000000.0,36000000.0,15000000.0,15500000.0,16000000.0,16500000.0,17000000.0,17500000.0,18000000.0,18500000.0,19000000.0,21000000.0,23000000.0,25000000.0,27000000.0,29000000.0,31000000.0,33000000.0,36000000.0
63,Cowpea,Others,General,2031783.9553667756,2074112.78777025,2116441.6201737244,2158770.452577199,2201099.2849806733,2243428.117384148,2285756.9497876223,2328085.782191097,2370414.6145945718,2412743.446998046,2455072.2794015203,2497401.1118049948,1354522.6369111836,1396851.469314658,1439180.3017181328,1481509.134121607,1523837.9665250815,1566166.798928556,1608495.6313320303,1650824.4637355052,1693153.2961389795,1735482.1285424535,1777810.9609459285,1820139.793349403,1862468.6257528777,1904797.458156352,1947126.2905598264,1989455.122963301,2539729.944208469
64,Cucumber,Others,General,1955313.1873508133,1996048.878753956,2036784.5701570972,2077520.2615602396,2118255.952963381,2158991.6443665237,2199727.3357696654,2240463.027172807,2281198.718575949,2321934.409979091,2362670.101382233,2403405.7927853754,1303542.1249005424,1344277.8163036844,1385013.5077068263,1425749.1991099685,1466484.8905131102,1507220.5819162522,1547956.273319394,1588691.9647225365,1629427.656125678,1670163.3475288197,1710899.038931962,1751634.7303351038,1792370.421738246,1833106.113141388,1873841.8045445296,1914577.495947672,2444141.484188517
65,Drumstick,Others,General,4256676.649852679,4345357.413391277,4434038.176929874,4522718.940468472,4611399.70400707,4700080.467545667,4788761.231084265,4877441.994622862,4966122.758161459,5054803.521700057,5143484.285238654,5232165.048777252,2837784.43323512,2926465.196773717,3015145.960312315,3103826.723850912,3192507.4873895096,3281188.250928107,3369869.014466705,3458549.7780053024,3547230.5415439,3635911.3050824967,3724592.068621095,3813272.832159692,3901953.59569829,3990634.359236887,4079315.122775484,4167995.886314082,5320845.81231585
66,Dry Chillies,Others,General,4722658.508738964,4821047.227671026,4919435.946603088,5017824.665535149,5116213.384467212,5214602.103399273,5312990.822331335,5411379.541263397,5509768.260195458,5608156.979127521,5706545.698059582,5804934.416991645,3148439.0058259764,3246827.7247580383,3345216.4436901,3443605.1626221617,3541993.881554224,3640382.600486285,3738771.319418347,3837160.038350409,3935548.7572824704,4033937.476214532,4132326.195146594,4230714.914078656,4329103.633010718,4427492.35194278,4525881.070874841,4624269.789806902,5903323.135923706
67,Dry Ginger,Others,General,1601614.8168080363,1634981.792158204,1668348.767508371,1701715.7428585384,1735082.718208706,1768449.6935588734,1801816.668909041,1835183.644259208,1868550.6196093755,1901917.594959543,1935284.5703097105,1968651.545659878,1067743.2112053577,1101110.186555525,1134477.1619056924,1167844.1372558598,1201211.1126060272,1234578.0879561948,1267945.063306362,1301312.0386565295,1334679.0140066969,1368045.9893568642,1401412.9647070318,1434779.940057199,1468146.9154073666,1501513.890757534,1534880.866107701,1568247.841457869,2002018.5210100452
68,Garlic,Others,General,3737360.640479304,3815222.3204892897,3893084.0004992746,3970945.68050926,4048807.3605192457,4126669.040529231,4204530.720539217,4282392.400549202,4360254.080559188,4438115.760569173,4515977.440579158,4593839.1205891445,2491573.760319536,2569435.4403295214,2647297.1203395072,2725158.800349492,2803020.480359478,2880882.1603694637,2958743.840379449,3036605.5203894344,3114467.20039942,3192328.880409405,3270190.560419391,3348052.2404293763,3425913.920439362,3503775.6004493474,3581637.2804593323,3659498.960469319,4671700.80059913
69,Ginger,Others,General,2247477.287298659,2294299.730784048,2341122.1742694364,2387944.617754825,2434767.061240214,2481589.5047256025,2528411.9482109915,2575234.39169638,2622056.8351817685,2668879.278667157,2715701.722152546,2762524.165637935,1498318.191532439,1545140.635017828,1591963.0785032168,1638785.5219886054,1685607.965473994,1732430.408959383,1779252.8524447717,1826075.2959301604,1872897.739415549,1919720.1829009373,1966542.6263863265,2013365.069871715,2060187.513357104,2107009.956842493,2153832.4003278813,2200654.8438132703,2809346.609123324
70,Gram,Pulses,General,5069017.765750037,5174622.302536497,5280226.839322955,5385831.376109414,5491435.912895874,5597040.449682333,5702644.986468792,5808249.523255251,5913854.06004171,6019458.596828169,6125063.133614628,6230667.670401088,3379345.1771666915,3484949.713953151,3590554.25073961,3696158.7875260687,3801763.324312528,3907367.861098987,4012972.3978854464,4118576.934671906,4224181.471458364,4329786.008244823,4435390.545031283,4540995.0818177415,4646599.618604201,4752204.155390659,4857808.692177119,4963413.228963578,6336272.207187546
71,Grapes,Fruits,General,1260149.0719440668,1286402.1776095685,1312655.2832750697,1338908.3889405709,1365161.4946060723,1391414.6002715738,1417667.7059370754,1443920.8116025766,1470173.9172680778,1496427.0229335795,1522680.1285990807,1548933.2342645824,840099.3812960447,866352.486961546,892605.5926270474,918858.6982925488,945111.8039580502,971364.9096235516,997618.015289053,1023871.1209545544,1050124.2266200555,1076377.332285557,1102630.4379510586,1128883.5436165598,1155136.6492820615,1181389.7549475627,1207642.860613064,1233895.9662785656,1575186.3399300836
72,Groundnut,Oilseeds,General,9000000.0,9142857.142857144,9285714.285714284,9428571.42857143,9571428.57142857,9714285.714285716,9857142.857142858,10000000.0,10000000.0,10000000.0,10000000.0,10000000.0,8000000.0,7875000.0,7750000.0,7625000.0,7500000.0,7375000.0,7250000.0,7125000.0,7000000.0,7250000.0,7500000.0,7750000.0,8000000.0,8250000.0,8500000.0,8750000.0,10000000.0
73,Guar Seed,Others,General,4590831.637663564,4686473.963448222,4782116.289232879,4877758.615017536,4973400.940802194,5069043.266586851,5164685.592371509,5260327.918156167,5355970.243940825,5451612.569725483,5547254.89551014,5642897.221294798,3060554.425109043,3156196.7508937004,3251839.076678358,3347481.402463015,3443123.728247673,3538766.054032331,3634408.379816989,3730050.705601646,3825693.0313863032,3921335.35717096,4016977.6829556185,4112620.008740276,4208262.334524934,4303904.660309591,4399546.9860942485,4495189.311878907,5738539.547079455
74,Horse-Gram,Pulses,General,393011.3207460969,401199.056594974,409386.79244385095,417574.528292728,425762.264141605,433949.999990482,442137.7358393591,450325.47168823605,458513.20753711305,466700.9433859901,474888.6792348671,483076.41508374416,262007.5471640646,270195.28301294165,278383.01886181865,286570.75471069565,294758.4905595727,302946.2264084497,311133.9622573268,319321.6981062037,327509.43395508075,335697.16980395775,343884.9056528348,352072.6415017118,360260.37735058885,368448.11319946585,376635.8490483429,384823.5848972199,491264.1509326211
75,Jack Fruit,Fruits,General,873301.7788524223,891495.5659118477,909689.3529712732,927883.1400306986,946076.927090124,964270.7141495496,982464.5012089752,1000658.2882684004,1018852.0753278258,1037045.8623872516,1055239.649446677,1073433.4365061023,582201.1859016148,600394.9729610403,618588.7600204658,636782.5470798912,654976.3341393167,673170.1211987422,691363.9082581677,709557.6953175932,727751.4823770185,745945.2694364439,764139.0564958695,782332.8435552949,800526.6306147205,818720.4176741459,836914.2047335713,855107.9917929969,1091627.2235655277
76,Jowar,Cereals,General,5801395.17125954,5922257.570660781,6043119.970062021,6163982.369463261,6284844.768864502,6405707.168265742,6526569.567666983,6647431.967068223,6768294.366469463,6889156.765870704,7010019.165271944,7130881.564673185,3867596.7808396937,3988459.1802409342,4109321.579642175,4230183.979043415,4351046.378444656,4471908.777845896,4592771.177247137,4713633.576648377,4834495.976049617,4955358.375450857,5076220.774852098,5197083.174253338,5317945.573654579,5438807.973055819,5559670.372457059,5680532.7718583,7251743.964074425
77,Jute,Fibres,General,3843504.284596825,3923577.290525925,4003650.2964550257,4083723.302384126,4163796.308313227,4243869.314242327,4323942.320171428,4404015.326100528,4484088.332029629,4564161.33795873,4644234.343887829,4724307.3498169305,2562336.1897312165,2642409.1956603173,2722482.2015894176,2802555.207518518,2882628.2134476188,2962701.219376719,3042774.22530582,3122847.23123492,3202920.2371640205,3282993.243093121,3363066.2490222217,3443139.254951322,3523212.260880423,3603285.266809523,3683358.272738624,3763431.278667724,4804380.355746031
78,Khesari,Others,General,2665211.2022633757,2720736.435643863,2776261.6690243497,2831786.9024048364,2887312.135785324,2942837.3691658103,2998362.602546297,3053887.8359267847,3109413.0693072714,3164938.3026877586,3220463.5360682453,3275988.7694487325,1776807.4681755838,1832332.701556071,1887857.934936558,1943383.1683170449,1998908.401697532,2054433.6350780188,2109958.8684585057,2165484.101838993,2221009.33521948,2276534.5685999664,2332059.801980453,2387585.0353609407,2443110.268741428,2498635.502121914,2554160.7355024014,2609685.968882889,3331514.002829219
79,Kodo Millet,Cereals,General,859020.0587728142,876916.309997248,894812.5612216815,912708.8124461152,930605.0636705488,948501.3148949824,966397.5661194162,984293.8173438496,1002190.0685682832,1020086.319792717,1037982.5710171504,1055878.8222415843,572680.0391818762,590576.2904063099,608472.5416307435,626368.7928551771,644265.0440796107,662161.2953040444,680057.546528478,697953.7977529117,715850.0489773452,733746.3002017788,751642.5514262125,769538.8026506461,787435.0538750798,805331.3050995134,823227.5563239469,841123.8075483807,1073775.0734660178
80,Lemon,Others,General,225724.0043666147,230426.5877909192,235129.17121522364,239831.7546395281,244534.3380638326,249236.92148813707,253939.5049124416,258642.088336746,263344.6717610505,268047.25518535497,272749.8386096594,277452.4220339639,150482.66957774313,155185.25300204763,159887.8364263521,164590.41985065656,169293.00327496103,173995.58669926552,178698.17012357,183400.75354787445,188103.3369721789,192805.9203964834,197508.50382078788,202211.08724509232,206913.6706693968,211616.25409370128,216318.83751800572,221021.42094231024,282155.0054582684
81,Linseed,Others,General,457507.1617258965,467038.5609285194,476569.96013114223,486101.35933376505,495632.75853638793,505164.1577390108,514695.5569416336,524226.95614425646,533758.3553468792,543289.7545495022,552821.153752125,562352.5529547478,305004.774483931,314536.1736865539,324067.5728891767,333598.97209179954,343130.3712944224,352661.77049704525,362193.1696996681,371724.56890229095,381255.9681049138,390787.3673075366,400318.7665101595,409850.1657127823,419381.5649154052,428912.964118028,438444.3633206508,447975.7625232737,571883.9521573706
82,Maize,Cereals,General,24000000.0,25000000.0,26000000.0,27000000.0,28000000.0,29000000.0,30000000.0,31000000.0,31000000.0,31000000.0,31000000.0,31000000.0,11000000.0,11375000.0,11750000.0,12125000.0,12500000.0,12875000.0,13250000.0,13625000.0,14000000.0,15250000.0,16500000.0,17750000.0,19000000.0,20250000.0,21500000.0,22750000.0,31000000.0
83,Mango,Fruits,General,5078675.379989064,5184481.117072171,5290286.854155276,5396092.59123838,5501898.328321487,5607704.065404592,5713509.802487698,5819315.539570803,5925121.276653908,6030927.013737015,6136732.750820119,6242538.487903225,3385783.5866593765,3491589.3237424823,3597395.060825588,3703200.7979086926,3809006.5349917994,3914812.272074904,4020618.0091580097,4126423.746241116,4232229.48332422,4338035.220407326,4443840.957490432,4549646.6945735365,4655452.431656643,4761258.168739748,4867063.905822853,4972869.642905959,6348344.224986331
84,Masoor,Others,General,4006891.779039497,4090368.691102821,4173845.603166143,4257322.515229465,4340799.427292788,4424276.339356111,4507753.251419434,4591230.163482757,4674707.075546079,4758183.987609403,4841660.899672725,4925137.811736049,2671261.1860263315,2754738.0980896545,2838215.0101529774,2921691.9222163,3005168.834279623,3088645.746342946,3172122.658406269,3255599.570469592,3339076.4825329143,3422553.3945962368,3506030.30665956,3589507.2187228827,3672984.130786206,3756461.0428495286,3839937.954912851,3923414.866976175,5008614.723799371
85,Mesta,Fibres,General,3101432.6323533934,3166045.8121940894,3230658.9920347845,3295272.17187548,3359885.351716176,3424498.531556872,3489111.711397568,3553724.891238264,3618338.071078959,3682951.2509196554,3747564.43076035,3812177.610601046,2067621.7549022625,2132234.9347429583,2196848.114583654,2261461.294424349,2326074.474265045,2390687.6541057406,2455300.8339464366,2519914.013787132,2584527.193627828,2649140.3734685234,2713753.5533092194,2778366.733149915,2842979.9129906106,2907593.092831306,2972206.2726720017,3036819.452512698,3876790.7904417417
86,Moong (Green Gram),Pulses,General,5007804.78778494,5112134.054197127,5216463.3206093125,5320792.587021498,5425121.853433685,5529451.119845871,5633780.386258058,5738109.652670244,5842438.919082429,5946768.185494617,6051097.451906802,6155426.7183189895,3338536.5251899604,3442865.7916021463,3547195.058014333,3651524.324426519,3755853.590838705,3860182.857250892,3964512.1236630776,4068841.390075264,4173170.65648745,4277499.922899636,4381829.189311823,4486158.455724008,4590487.722136196,4694816.988548381,4799146.254960567,4903475.521372754,6259755.984731175
87,Moth,Others,General,3886846.974273853,3967822.952904559,4048798.931535264,4129774.910165968,4210750.888796674,4291726.867427379,4372702.846058085,4453678.82468879,4534654.803319495,4615630.781950201,4696606.760580906,4777582.739211611,2591231.3161825687,2672207.294813274,2753183.27344398,2834159.2520746845,2915135.2307053898,2996111.209336095,3077087.1879668003,3158063.166597506,3239039.145228211,3320015.123858916,3400991.1024896214,3481967.081120326,3562943.0597510324,3643919.038381737,3724895.017012442,3805870.995643148,4858558.717842316
88,Mustard,Oilseeds,General,1143266.4257760874,1167084.4763130895,1190902.5268500913,1214720.5773870929,1238538.627924095,1262356.6784610967,1286174.7289980983,1309992.7795351003,1333810.830072102,1357628.880609104,1381446.9311461058,1405264.9816831078,762177.6171840584,785995.6677210602,809813.7182580621,833631.7687950638,857449.8193320658,881267.8698690676,905085.9204060694,928903.9709430712,952722.021480073,976540.0720170748,1000358.1225540768,1024176.1730910784,1047994.2236280804,1071812.274165082,1095630.3247020838,1119448.375239086,1429083.0322201094
89,Niger Seed,Others,General,1757299.8258574514,1793910.2388961485,1830520.6519348451,1867131.0649735425,1903741.4780122396,1940351.891050936,1976962.304089633,2013572.71712833,2050183.1301670268,2086793.543205724,2123403.9562444207,2160014.369283118,1171533.2172383012,1208143.630276998,1244754.043315695,1281364.4563543918,1317974.8693930886,1354585.2824317857,1391195.6954704826,1427806.1085091794,1464416.5215478763,1501026.9345865732,1537637.3476252705,1574247.7606639669,1610858.173702664,1647468.5867413608,1684078.9997800577,1720689.4128187548,2196624.7823218144
90,Oilseeds Total,Oilseeds,General,4496091.206136272,4589759.772930779,4683428.339725284,4777096.906519789,4870765.473314296,4964434.040108801,5058102.606903307,5151771.1736978125,5245439.740492318,5339108.307286824,5432776.874081329,5526445.440875836,2997394.137424182,3091062.7042186875,3184731.2710131933,3278399.837807698,3372068.4046022044,3465736.9713967103,3559405.538191216,3653074.104985722,3746742.671780227,3840411.238574733,3934079.805369239,4027748.372163744,4121416.9389582505,4215085.505752755,4308754.072547261,4402422.639341767,5620114.007670341
91,Onion,Vegetables,General,3926994.226085367,4008806.60579548,4090618.985505591,4172431.365215702,4254243.744925815,4336056.1246359255,4417868.504346038,4499680.88405615,4581493.263766261,4663305.6434763735,4745118.023186485,4826930.402896597,2617996.1507235784,2699808.53043369,2781620.910143802,2863433.2898539137,2945245.669564025,3027058.049274137,3108870.428984249,3190682.808694361,3272495.1884044725,3354307.568114584,3436119.9478246965,3517932.327534808,3599744.70724492,3681557.086955032,3763369.466665143,3845181.846375256,4908742.782606709
92,Orange,Fruits,General,3899627.8731260328,3980870.1204828257,4062112.3678396177,4143354.6151964096,4224596.862553203,4305839.1099099945,4387081.357266787,4468323.604623579,4549565.851980371,4630808.099337164,4712050.346693956,4793292.594050749,2599751.9154173555,2680994.162774148,2762236.4101309404,2843478.6574877324,2924720.904844525,3005963.1522013173,3087205.3995581097,3168447.646914902,3249689.894271694,3330932.141628486,3412174.388985279,3493416.636342071,3574658.883698864,3655901.131055656,3737143.378412448,3818385.625769241,4874534.841407541
93,Other Fresh Fruits,Fruits,General,5225972.960918761,5334847.397604569,5443721.834290376,5552596.270976183,5661470.707661991,5770345.144347798,5879219.581033606,5988094.017719413,6096968.45440522,6205842.891091028,6314717.327776835,6423591.764462643,3483981.9739458407,3592856.4106316483,3701730.847317456,3810605.284003263,3919479.7206890704,4028354.1573748784,4137228.594060686,4246103.0307464935,4354977.467432301,4463851.904118108,4572726.340803916,4681600.777489723,4790475.214175531,4899349.650861338,5008224.087547145,5117098.524232954,6532466.20114845
94,Other Kharif Pulses,Pulses,General,3914394.7041678713,3995944.593838036,4077494.4835082,4159044.373178363,4240594.262848527,4322144.152518692,4403694.042188856,4485243.931859019,4566793.821529183,4648343.711199347,4729893.600869511,4811443.490539676,2609596.469445248,2691146.359115412,2772696.248785576,2854246.13845574,2935796.028125904,3017345.9177960674,3098895.807466232,3180445.697136396,3261995.5868065595,3343545.476476724,3425095.366146888,3506645.2558170515,3588195.145487216,3669745.035157379,3751294.924827543,3832844.8144977074,4892993.380209839
95,Other Rabi Pulses,Pulses,General,4705759.912453288,4803796.577296066,4901833.242138842,4999869.906981619,5097906.571824396,5195943.236667173,5293979.90150995,5392016.566352727,5490053.231195503,5588089.896038281,5686126.560881057,5784163.225723835,3137173.2749688597,3235209.939811636,3333246.604654413,3431283.2694971897,3529319.9343399666,3627356.599182744,3725393.264025521,3823429.9288682975,3921466.593711074,4019503.2585538505,4117539.923396628,4215576.588239404,4313613.253082181,4411649.917924958,4509686.582767734,4607723.247610512,5882199.890566611
96,Other Cereals,Others,General,939332.9269663278,958902.3629447932,978471.7989232582,998041.2349017232,1017610.6708801886,1037180.1068586536,1056749.542837119,1076318.978815584,1095888.414794049,1115457.8507725142,1135027.2867509795,1154596.7227294447,626221.9513108853,645791.3872893505,665360.8232678156,684930.2592462808,704499.6952247459,724069.131203211,743638.5671816763,763208.0031601414,782777.4391386065,802346.8751170717,821916.3110955369,841485.747074002,861055.1830524673,880624.6190309323,900194.0550093974,919763.4909878628,1174166.1587079098
97,Other Oilseeds,Oilseeds,General,1671250.7779338667,1706068.5024741555,1740886.2270144443,1775703.951554733,1810521.6760950224,1845339.4006353111,1880157.1251756,1914974.849715889,1949792.5742561775,1984610.2987964668,2019428.023336756,2054245.7478770448,1114167.1852892446,1148984.9098295334,1183802.6343698225,1218620.3589101112,1253438.0834504,1288255.807990689,1323073.532530978,1357891.2570712669,1392708.9816115557,1427526.7061518445,1462344.4306921335,1497162.1552324223,1531979.8797727113,1566797.604313,1601615.328853289,1636433.053393578,2089063.4724173336
98,Other Vegetables,Vegetables,General,5803571.240053905,5924478.974221695,6045386.708389484,6166294.442557273,6287202.176725064,6408109.9108928535,6529017.645060644,6649925.379228433,6770833.113396223,6891740.847564013,7012648.581731802,7133556.315899592,3869047.49336927,3989955.22753706,4110862.9617048497,4231770.695872639,4352678.430040429,4473586.164208218,4594493.8983760085,4715401.632543799,4836309.366711588,4957217.100879377,5078124.835047167,5199032.569214957,5319940.303382747,5440848.037550536,5561755.771718325,5682663.505886116,7254464.050067382
99,Paddy,Others,General,5113098.653173413,5219621.541781194,5326144.430388972,5432667.318996752,5539190.207604531,5645713.096212311,5752235.98482009,5858758.87342787,5965281.762035648,6071804.650643429,6178327.539251207,6284850.427858988,3408732.4354489427,3515255.324056722,3621778.2126645017,3728301.101272281,3834823.98988006,3941346.87848784,4047869.7670956193,4154392.655703399,4260915.544311178,4367438.432918957,4473961.321526737,4580484.2101345165,4687007.098742296,4793529.987350076,4900052.875957854,5006575.764565635,6391373.316466767
100,Papaya,Fruits,General,532429.7988860903,543522.0863628839,554614.3738396774,565706.6613164709,576798.9487932646,587891.2362700581,598983.5237468517,610075.8112236452,621168.0987004386,632260.3861772323,643352.6736540258,654444.9611308194,354953.1992573936,366045.4867341871,377137.7742109807,388230.0616877742,399322.3491645678,410414.6366413613,421506.92411815486,432599.2115949484,443691.49907174194,454783.78654853546,465876.0740253291,476968.36150212254,488060.6489789162,499152.9364557097,510245.2239325032,521337.5114092968,665537.2486076129
101,Peas & Beans (Pulses),Pulses,General,1920088.8642313108,1960090.7155694636,2000092.5669076156,2040094.4182457677,2080096.26958392,2120098.1209220723,2160099.9722602246,2200101.823598377,2240103.674936529,2280105.5262746816,2320107.377612834,2360109.228950986,1280059.242820874,1320061.0941590262,1360062.9454971787,1400064.7968353308,1440066.648173483,1480068.4995116354,1520070.3508497877,1560072.2021879402,1600074.0535260923,1640075.9048642444,1680077.756202397,1720079.6075405492,1760081.4588787018,1800083.310216854,1840085.161555006,1880087.0128931585,2400111.0802891385
102,Peas (Vegetable),Pulses,General,5838993.298967952,5960638.992696451,6082284.68642495,6203930.380153448,6325576.073881948,6447221.767610447,6568867.461338947,6690513.155067445,6812158.848795944,6933804.542524443,7055450.236252942,7177095.929981441,3892662.199311968,4014307.893040467,4135953.586768966,4257599.280497465,4379244.974225964,4500890.667954464,4622536.361682963,4744182.055411462,4865827.74913996,4987473.442868458,5109119.136596958,5230764.830325456,5352410.524053956,5474056.217782455,5595701.911510954,5717347.605239453,7298741.623709939
103,Pineapple,Fruits,General,1282746.223671918,1309470.1033317498,1336193.982991581,1362917.862651413,1389641.7423112448,1416365.6219710764,1443089.501630908,1469813.3812907396,1496537.2609505712,1523261.140610403,1549985.0202702344,1576708.8999300662,855164.1491146121,881888.0287744438,908611.9084342754,935335.7880941072,962059.6677539388,988783.5474137703,1015507.427073602,1042231.3067334336,1068955.1863932651,1095679.066053097,1122402.9457129284,1149126.82537276,1175850.7050325917,1202574.5846924232,1229298.4643522548,1256022.3440120865,1603432.7795898975
104,Pomegranate,Others,General,2653934.421476353,2709224.7219237774,2764515.0223712013,2819805.3228186253,2875095.623266049,2930385.923713473,2985676.224160897,3040966.524608321,3096256.825055745,3151547.1255031694,3206837.4259505933,3262127.7263980177,1769289.614317569,1824579.914764993,1879870.215212417,1935160.5156598408,1990450.816107265,2045741.116554689,2101031.417002113,2156321.717449537,2211612.017896961,2266902.318344385,2322192.6187918093,2377482.919239233,2432773.219686657,2488063.520134081,2543353.820581505,2598644.121028929,3317418.026845441
105,Potato,Vegetables,General,2259292.885517155,2306361.4872987624,2353430.0890803696,2400498.6908619767,2447567.2926435843,2494635.8944251915,2541704.496206799,2588773.0979884067,2635841.699770014,2682910.3015516214,2729978.9033332285,2777047.505114836,1506195.2570114366,1553263.858793044,1600332.4605746514,1647401.0623562587,1694469.664137866,1741538.2659194735,1788606.8677010809,1835675.4694826885,1882744.071264296,1929812.6730459027,1976881.2748275104,2023949.8766091175,2071018.478390725,2118087.0801723325,2165155.68195394,2212224.283735547,2824116.1068964438
106,Ragi,Cereals,General,4199101.043396891,4286582.315134327,4374063.586871762,4461544.858609197,4549026.130346633,4636507.402084067,4723988.673821503,4811469.945558938,4898951.217296373,4986432.489033809,5073913.760771244,5161395.03250868,2799400.695597928,2886881.967335363,2974363.2390727983,3061844.510810233,3149325.782547669,3236807.054285104,3324288.3260225398,3411769.5977599747,3499250.8694974096,3586732.1412348445,3674213.41297228,3761694.684709715,3849175.956447151,3936657.228184586,4024138.499922021,4111619.771659456,5248876.304246115
107,Rapeseed,Others,General,1298345.203651765,1325394.0620611769,1352442.9204705884,1379491.77888,1406540.637289412,1433589.4956988236,1460638.3541082356,1487687.2125176473,1514736.070927059,1541784.9293364708,1568833.7877458823,1595882.6461552945,865563.4691011766,892612.3275105885,919661.1859200002,946710.044329412,973758.9027388236,1000807.7611482356,1027856.6195576472,1054905.477967059,1081954.3363764707,1109003.1947858825,1136052.0531952942,1163100.911604706,1190149.770014118,1217198.6284235297,1244247.4868329412,1271296.3452423532,1622931.5045647062
108,Red Gram,Pulses,General,1386676.5515698302,1415565.6463942018,1444454.7412185732,1473343.8360429446,1502232.9308673162,1531122.0256916876,1560011.1205160592,1588900.2153404304,1617789.3101648018,1646678.4049891734,1675567.4998135448,1704456.5946379164,924451.0343798868,953340.1292042584,982229.2240286298,1011118.3188530012,1040007.4136773729,1068896.508501744,1097785.6033261158,1126674.6981504872,1155563.7929748583,1184452.88779923,1213341.9826236016,1242231.077447973,1271120.1722723446,1300009.267096716,1328898.3619210871,1357787.4567454588,1733345.6894622878
109,Rice,Cereals,General,106000000.0,116285714.28571428,126571428.57142857,136857142.85714287,147142857.14285713,157428571.42857143,167714285.71428573,178000000.0,178000000.0,178000000.0,178000000.0,178000000.0,85000000.0,86000000.0,87000000.0,88000000.0,89000000.0,90000000.0,91000000.0,92000000.0,93000000.0,94625000.0,96250000.0,97875000.0,99500000.0,101125000.0,102750000.0,104375000.0,178000000.0
110,Rubber,Others,General,1784268.0254113656,1821440.275940769,1858612.5264701725,1895784.776999576,1932957.0275289796,1970129.278058383,2007301.5285877865,2044473.7791171896,2081646.029646593,2118818.2801759965,2155990.5307054,2193162.781234804,1189512.0169409104,1226684.267470314,1263856.5179997175,1301028.7685291208,1338201.0190585242,1375373.2695879275,1412545.520117331,1449717.7706467346,1486890.021176138,1524062.2717055413,1561234.5222349449,1598406.7727643482,1635579.023293752,1672751.273823155,1709923.5243525584,1747095.7748819622,2230335.031764207
111,Safflower,Others,General,849370.7824048625,867066.0070382972,884761.2316717318,902456.4563051664,920151.6809386011,937846.9055720356,955542.1302054704,973237.3548389048,990932.5794723396,1008627.8041057744,1026323.0287392088,1044018.2533726436,566247.1882699084,583942.4129033431,601637.6375367776,619332.8621702122,637028.0868036469,654723.3114370815,672418.5360705162,690113.7607039509,707808.9853373854,725504.20997082,743199.4346042548,760894.6592376893,778589.883871124,796285.1085045587,813980.3331379932,831675.5577714279,1061713.4780060782
112,Samai,Others,General,4535245.651009548,4629729.935405581,4724214.219801613,4818698.504197645,4913182.788593678,5007667.07298971,5102151.357385743,5196635.641781774,5291119.926177806,5385604.210573839,5480088.494969871,5574572.779365904,3023497.100673033,3117981.3850690653,3212465.6694650976,3306949.953861129,3401434.238257162,3495918.522653194,3590402.8070492265,3684887.091445259,3779371.37584129,3873855.6602373226,3968339.9446333554,4062824.2290293872,4157308.51342542,4251792.797821452,4346277.082217484,4440761.366613517,5669057.0637619365
113,Sapota,Others,General,3443264.208017962,3514998.8790183365,3586733.5500187105,3658468.221019085,3730202.892019459,3801937.563019833,3873672.234020208,3945406.9050205816,4017141.576020956,4088876.24702133,4160610.918021704,4232345.589022079,2295509.472011975,2367244.143012349,2438978.8140127235,2510713.485013097,2582448.1560134715,2654182.827013846,2725917.4980142205,2797652.1690145945,2869386.8400149685,2941121.5110153425,3012856.182015717,3084590.853016091,3156325.524016465,3228060.1950168395,3299794.8660172136,3371529.537017588,4304080.260022453
114,Sesame,Oilseeds,General,5609091.250259067,5725947.317972799,5842803.385686529,5959659.453400259,6076515.52111399,6193371.58882772,6310227.656541451,6427083.724255182,6543939.791968912,6660795.859682643,6777651.927396373,6894507.995110104,3739394.1668393775,3856250.234553109,3973106.30226684,4089962.36998057,4206818.437694301,4323674.505408031,4440530.573121762,4557386.640835493,4674242.708549223,4791098.776262953,4907954.843976684,5024810.911690415,5141666.979404146,5258523.047117876,5375379.114831606,5492235.182545337,7011364.062823834
115,Small Millets,Cereals,General,1053031.559397589,1074969.716885039,1096907.8743724886,1118846.0318599383,1140784.1893473882,1162722.346834838,1184660.504322288,1206598.661809737,1228536.819297187,1250474.976784637,1272413.134272087,1294351.2917595366,702021.0395983928,723959.1970858425,745897.3545732923,767835.512060742,789773.6695481918,811711.8270356416,833649.9845230913,855588.1420105412,877526.2994979909,899464.4569854406,921402.6144728904,943340.77196034,965278.92944779,987217.0869352396,1009155.2444226894,1031093.4019101394,1316289.4492469863
116,Soyabean,Pulses,General,5251876.616530852,5361290.712708579,5470704.8088863045,5580118.905064031,5689533.001241758,5798947.097419483,5908361.19359721,6017775.289774936,6127189.385952661,6236603.482130388,6346017.578308114,6455431.67448584,3501251.0776872355,3610665.1738649616,3720079.270042688,3829493.3662204137,3938907.46239814,4048321.558575866,4157735.654753592,4267149.750931318,4376563.847109044,4485977.94328677,4595392.039464496,4704806.135642222,4814220.231819949,4923634.327997674,5033048.4241754,5142462.520353127,6564845.770663566
117,Sugarcane,Others,General,352000000.0,359571428.5714286,367142857.14285713,374714285.7142857,382285714.2857143,389857142.85714287,397428571.42857146,405000000.0,405000000.0,405000000.0,405000000.0,405000000.0,280000000.0,284375000.0,288750000.0,293125000.0,297500000.0,301875000.0,306250000.0,310625000.0,315000000.0,319625000.0,324250000.0,328875000.0,333500000.0,338125000.0,342750000.0,347375000.0,405000000.0
118,Sunflower,Others,General,5276171.454459575,5386091.69309415,5496011.931728724,5605932.170363299,5715852.408997874,5825772.647632447,5935692.886267022,6045613.124901596,6155533.363536171,6265453.602170746,6375373.84080532,6485294.079439895,3517447.636306384,3627367.8749409583,3737288.113575533,3847208.352210107,3957128.5908446815,4067048.829479256,4176969.068113831,4286889.306748405,4396809.545382979,4506729.784017554,4616650.022652129,4726570.261286703,4836490.499921278,4946410.738555851,5056330.977190426,5166251.215825001,6595214.3180744685
119,Sweet Potato,Vegetables,General,2846030.0101037486,2905322.3019809104,2964614.593858072,3023906.885735233,3083199.1776123946,3142491.469489556,3201783.761366717,3261076.0532438788,3320368.34512104,3379660.6369982017,3438952.928875363,3498245.2207525247,1897353.340069166,1956645.6319463276,2015937.9238234889,2075230.21570065,2134522.507577812,2193814.799454973,2253107.091332135,2312399.383209296,2371691.6750864573,2430983.9669636185,2490276.25884078,2549568.550717941,2608860.842595103,2668153.1344722644,2727445.4263494257,2786737.7182265874,3557537.512629686
120,Tapioca,Others,General,629722.7309983757,642841.9545608419,655961.1781233081,669080.4016857742,682199.6252482404,695318.8488107065,708438.0723731727,721557.2959356388,734676.5194981049,747795.7430605713,760914.9666230374,774034.1901855036,419815.1539989172,432934.37756138336,446053.6011238495,459172.8246863156,472292.0482487818,485411.271811248,498530.4953737141,511649.7189361804,524768.9424986464,537888.1660611125,551007.3896235788,564126.6131860449,577245.8367485112,590365.0603109773,603484.2838734434,616603.5074359096,787153.4137479697
121,Tea,Others,General,2161707.1608845945,2206742.726736357,2251778.2925881194,2296813.8584398814,2341849.424291644,2386884.990143406,2431920.555995169,2476956.121846931,2521991.687698693,2567027.253550456,2612062.8194022183,2657098.3852539808,1441138.1072563964,1486173.6731081589,1531209.2389599213,1576244.8048116837,1621280.370663446,1666315.9365152083,1711351.5023669708,1756387.0682187332,1801422.6340704954,1846458.1999222576,1891493.76577402,1936529.3316257824,1981564.897477545,2026600.4633293075,2071636.0291810692,2116671.595032832,2702133.951105743
122,Tobacco,Others,General,4736928.383073163,4835614.391053855,4934300.399034546,5032986.407015236,5131672.414995927,5230358.422976618,5329044.430957309,5427730.438938,5526416.446918691,5625102.454899382,5723788.462880072,5822474.470860764,3157952.255382109,3256638.2633628,3355324.271343491,3454010.279324182,3552696.2873048726,3651382.295285564,3750068.303266255,3848754.311246946,3947440.319227636,4046126.327208327,4144812.3351890175,4243498.343169709,4342184.3511504,4440870.359131091,4539556.367111782,4638242.375092473,5921160.478841455
123,Tomato,Vegetables,General,3677174.993536181,3753782.805901519,3830390.618266856,3906998.4306321926,3983606.24299753,4060214.0553628663,4136821.867728205,4213429.680093541,4290037.492458878,4366645.304824215,4443253.117189553,4519860.92955489,2451449.995690788,2528057.808056125,2604665.620421462,2681273.432786799,2757881.2451521363,2834489.057517473,2911096.8698828104,2987704.682248148,3064312.4946134845,3140920.3069788213,3217528.119344159,3294135.931709496,3370743.744074833,3447351.55644017,3523959.3688055067,3600567.1811708445,4596468.741920227
124,Turmeric,Others,General,1365428.074879113,1393874.493105761,1422320.911332409,1450767.329559057,1479213.7477857054,1507660.1660123535,1536106.584239002,1564553.00246565,1592999.420692298,1621445.8389189462,1649892.2571455943,1678338.6753722427,910285.3832527418,938731.80147939,967178.2197060382,995624.6379326864,1024071.0561593344,1052517.4743859826,1080963.892612631,1109410.310839279,1137856.7290659272,1166303.147292575,1194749.5655192237,1223195.9837458718,1251642.40197252,1280088.820199168,1308535.2384258162,1336981.6566524643,1706785.0935988908
125,Urad,Pulses,General,144856.14183792242,147873.9781262125,150891.81441450253,153909.65070279257,156927.48699108264,159945.32327937268,162963.15956766275,165980.9958559528,168998.83214424283,172016.6684325329,175034.50472082294,178052.341009113,96570.76122528165,99588.59751357169,102606.43380186173,105624.27009015175,108642.10637844182,111659.94266673188,114677.77895502192,117695.615243312,120713.45153160204,123731.28781989208,126749.12410818214,129766.96039647218,132784.79668476223,135802.63297305227,138820.4692613423,141838.30554963238,181070.17729740305
126,Varagu,Others,General,5387982.81915634,5500232.461222098,5612482.103287855,5724731.745353611,5836981.387419369,5949231.029485126,6061480.671550884,6173730.31361664,6285979.955682397,6398229.597748155,6510479.239813911,6622728.881879669,3591988.546104227,3704238.1881699846,3816487.8302357416,3928737.472301498,4040987.114367256,4153236.756433013,4265486.39849877,4377736.040564527,4489985.682630284,4602235.324696041,4714484.966761799,4826734.608827555,4938984.2508933125,5051233.892959069,5163483.5350248255,5275733.177090583,6734978.523945426
127,Wheat,Cereals,General,95000000.0,96714285.71428572,98428571.42857143,100142857.14285716,101857142.85714284,103571428.57142857,105285714.28571428,107000000.0,107000000.0,107000000.0,107000000.0,107000000.0,65000000.0,65875000.0,66750000.0,67625000.0,68500000.0,69375000.0,70250000.0,71125000.0,72000000.0,74875000.0,77750000.0,80625000.0,83500000.0,86375000.0,89250000.0,92125000.0,107000000.0
128,Yam,Others,General,738074.9397326434,753451.5009770737,768828.0622215036,784204.6234659336,799581.1847103639,814957.7459547939,830334.307199224,845710.868443654,861087.429688084,876463.9909325142,891840.5521769442,907217.1134213743,492049.9598217624,507426.5210661924,522803.08231062256,538179.6435550526,553556.2047994826,568932.7660439127,584309.3272883428,599685.8885327729,615062.4497772029,630439.0110216329,645815.5722660631,661192.1335104931,676568.6947549232,691945.2559993532,707321.8172437833,722698.3784882134,922593.6746658044
129,others,Others,General,1305934.7063976296,1333141.6794475804,1360348.652497531,1387555.6255474817,1414762.5985974325,1441969.5716473826,1469176.5446973334,1496383.517747284,1523590.4907972345,1550797.4638471853,1578004.4368971358,1605211.4099470866,870623.1375984198,897830.1106483705,925037.0836983213,952244.0567482716,979451.0297982222,1006658.0028481728,1033864.9758981236,1061071.948948074,1088278.9219980247,1115485.8950479752,1142692.868097926,1169899.8411478766,1197106.8141978274,1224313.7872477777,1251520.7602977282,1278727.733347679,1632418.382997037
